{"sections":{"faq":{"type":"faq","blocks":{"item-1":{"type":"category","settings":{"title":"Order"}},"item-2":{"type":"question","settings":{"question":"Do you ship overseas?","answer":"<p>Yes, we ship all over the world. Shipping costs will apply, and will be added at checkout. We run discounts and promotions all year, so stay tuned for exclusive deals.<\/p>"}},"item-3":{"type":"question","settings":{"question":"How long will it take to get my orders?","answer":"<p>It depends on where you are. Orders processed here will take 5-7 business days to arrive. Overseas deliveries can take anywhere from 7-16 days. Delivery details will be provided in your confirmation email.<\/p>"}},"item-4":{"type":"question","settings":{"question":"Any question?","answer":"<p>You can contact us through our contact page! We will be happy to assist you.<\/p>"}}},"block_order":["item-1","item-2","item-3","item-4"],"settings":{}}},"order":["faq"]}