{"sections":{"main":{"type":"main-password","blocks":{"logo":{"type":"logo","settings":{"image":"{{ shop.brand.logo }}","max_width":140,"mobile_max_width":100}},"content":{"type":"content","settings":{"show_social_media":true}}},"block_order":["logo","content"],"settings":{"image_color_scheme":"scheme-6","content_color_scheme":"scheme-2","image_rotating_text":"23:30 GMT+3"}},"1756405493f77fa4dc":{"type":"apps","blocks":{"klaviyo_email_marketing_sms_form_embed_block_4Yi3QK":{"type":"shopify:\/\/apps\/klaviyo-email-marketing-sms\/blocks\/form-embed-block\/2632fe16-c075-4321-a88b-50b567f42507","settings":{"formId":"<div class=\"klaviyo-form-UKymMc\"><\/div>"}},"section-header":{"type":"_section-header","static":true,"settings":{"subheading":"","title":"Header","content":"<p>Use this content to share information about your store and products.<\/p>","button_text":"","button_link":"","button_style":"outline","text_alignment":"left","heading_size":"h3","title_icon":"none","show_scrolling_title":false},"blocks":{}}},"block_order":["klaviyo_email_marketing_sms_form_embed_block_4Yi3QK"],"settings":{"color_scheme":"","add_vertical_spacing":true,"add_horizontal_spacing":true}}},"order":["main","1756405493f77fa4dc"]}