{"sections":{"main":{"type":"main-product","blocks":{"vendor":{"type":"vendor","disabled":true,"settings":{}},"title":{"type":"title","settings":{"heading_tag":"h3"}},"badges":{"type":"badges","settings":{}},"price":{"type":"price","settings":{"show_taxes_notice":false}},"rating":{"type":"rating","disabled":true,"settings":{"show_empty":false}},"payment_terms":{"type":"payment_terms","settings":{}},"separator":{"type":"separator","settings":{}},"description":{"type":"description","settings":{"collapse_content":false,"uppercase_title":false}},"variant_picker":{"type":"variant_picker","settings":{"hide_sold_out_variants":false,"separate_options":false,"selector_style":"block","swatch_selector_style":"swatch","swatch_selector_size":"lg","block_selector_style":"fill","variant_image_options":"","size_chart_page":"b-w-long-sleeve-size-chart"}},"buy_buttons":{"type":"buy_buttons","settings":{"show_payment_button":true,"show_gift_card_recipient":true,"show_quantity_selector":true,"add_quantity_selector_spacing":true,"atc_button_style":"solid","atc_button_background":"","atc_button_text_color":"","payment_button_background":"","payment_button_text_color":""}},"accordion_WaQJRe":{"type":"accordion","disabled":true,"settings":{"title":"<strong>Size Chart</strong>","content":"<p>Model is 78 KG, 183 CM Wearing Medium</p>","uppercase_title":false,"icon":"picto-measure","page":""}},"shawq_value_line":{"type":"shawq_value_line","settings":{"title":"Complete the look — naturally","content":"<p>Pair it with a keffiyeh for the full Shawq silhouette. Clean, intentional, and true to the story.</p>"}},"shawq_bundle":{"type":"shawq_bundle","settings":{"title":"Complete the look","subtitle":"Add a matching keffiyeh — completes the outfit and lifts the look.","bundle_product":""}},"shawq_reassurance":{"type":"shawq_reassurance","settings":{"item_1":"Fast shipping — typically 3–4 days","item_2":"Easy returns & exchanges","item_3":"Premium embroidery — built to last"}}},"block_order":["vendor","title","badges","price","shawq_value_line","shawq_bundle","rating","payment_terms","separator","description","variant_picker","shawq_reassurance","buy_buttons","accordion_WaQJRe"],"settings":{"color_scheme":"scheme-2","allow_transparent_header":false,"transparent_header_use_primary_colors":false,"add_top_spacing":true,"show_sticky_add_to_cart":true,"product_media_size":50,"content_alignment":"left","desktop_media_layout":"carousel","desktop_carousel_controls":"lines","mobile_controls":"lines","enable_media_autoplay":false,"enable_video_looping":true,"enable_image_zoom":true,"max_image_zoom_level":3}},"slideshow_rAqxE6":{"type":"slideshow","blocks":{"slideshow_image_slide_wLPeAi":{"type":"_slideshow-image-slide","name":"t:sections.slideshow.blocks.image.name","settings":{"color_scheme":"","image":"shopify://shop_images/first-swipe-upper_564b3543-3b45-4fe5-9db1-d5f4c4bfc121.png","slide_link":"","content_max_width":1000,"mobile_content_position":"place-self-center","desktop_content_position":"sm:place-self-center","overlay_color":"#000000","overlay_opacity":20},"blocks":{}},"slideshow_image_slide_HxgYQm":{"type":"_slideshow-image-slide","name":"t:sections.slideshow.blocks.image.name","settings":{"color_scheme":"","image":"shopify://shop_images/img_0035_a3fc9191-67ee-4e82-b38f-abd2f8b883ce.png","slide_link":"","content_max_width":1000,"mobile_content_position":"place-self-center","desktop_content_position":"sm:place-self-center","overlay_color":"#000000","overlay_opacity":20},"blocks":{}},"slideshow_image_slide_xmpajY":{"type":"_slideshow-image-slide","name":"t:sections.slideshow.blocks.image.name","settings":{"color_scheme":"","image":"shopify://shop_images/img_9649_cfd27b8f-4aa9-45e7-8d47-2ad220d4b982.png","slide_link":"","content_max_width":1000,"mobile_content_position":"place-self-center","desktop_content_position":"sm:place-self-center","overlay_color":"#000000","overlay_opacity":20},"blocks":{}},"slideshow_image_slide_DqKCbw":{"type":"_slideshow-image-slide","settings":{"color_scheme":"","image":"shopify://shop_images/img_9665_0884f6b2-96c9-42a9-8c38-3a6489b2f7a0.png","slide_link":"","content_max_width":1000,"mobile_content_position":"place-self-center","desktop_content_position":"sm:place-self-center","overlay_color":"#000000","overlay_opacity":20},"blocks":{}},"slideshow_image_slide_UT7EUB":{"type":"_slideshow-image-slide","settings":{"color_scheme":"","image":"shopify://shop_images/IMG_9662_638d4587-1031-4fb5-b43f-31ea85326b69.jpg","slide_link":"","content_max_width":1000,"mobile_content_position":"place-self-center","desktop_content_position":"sm:place-self-center","overlay_color":"#000000","overlay_opacity":20},"blocks":{}},"slideshow-controls":{"type":"_slideshow-controls","static":true,"settings":{"controls_style":"line","controls_color":"#ffffff"},"blocks":{}}},"block_order":["slideshow_image_slide_wLPeAi","slideshow_image_slide_HxgYQm","slideshow_image_slide_xmpajY","slideshow_image_slide_DqKCbw","slideshow_image_slide_UT7EUB"],"name":"t:sections.slideshow.name","settings":{"allow_transparent_header":true,"image_size":"auto","transition_type":"curtain","autoplay":true,"pause_auto_rotate_on_hover":false,"cycle_speed":6,"background":"#000000"}}},"order":["main","slideshow_rAqxE6"]}