{"sections":{"main":{"type":"main-product","blocks":{"vendor":{"type":"vendor","disabled":true,"settings":{}},"title":{"type":"title","settings":{"heading_tag":"h3"}},"inventory_dYxxDb":{"type":"inventory","disabled":true,"settings":{"show_in_stock_quantity":true,"low_inventory_threshold":0,"show_progress_bar":true,"progress_bar_max_value":50}},"badges":{"type":"badges","settings":{}},"price":{"type":"price","settings":{"show_taxes_notice":false}},"rating":{"type":"rating","disabled":true,"settings":{"show_empty":false}},"payment_terms":{"type":"payment_terms","settings":{}},"separator":{"type":"separator","settings":{}},"description":{"type":"description","settings":{"collapse_content":false,"uppercase_title":false}},"variant_picker":{"type":"variant_picker","settings":{"hide_sold_out_variants":false,"separate_options":false,"selector_style":"block","swatch_selector_style":"swatch","swatch_selector_size":"lg","block_selector_style":"fill","variant_image_options":"","size_chart_page":"palestine-crewneck"}},"buy_buttons":{"type":"buy_buttons","settings":{"show_payment_button":true,"show_gift_card_recipient":true,"show_quantity_selector":true,"add_quantity_selector_spacing":true,"atc_button_style":"solid","atc_button_background":"","atc_button_text_color":"","payment_button_background":"","payment_button_text_color":""}},"volume_pricing_AktEmK":{"type":"volume_pricing","settings":{}},"accordion_WaQJRe":{"type":"accordion","settings":{"title":"<strong>Size Chart</strong>","content":"","uppercase_title":false,"icon":"picto-measure","page":"palestine-crewneck"}},"accordion_fwptnm":{"type":"accordion","settings":{"title":"Material","content":"<ul><li>Outer lining: 100% Cotton</li><li>Inner lining: 100% Polar Fleece</li><li>Perfect For Spring</li></ul>","uppercase_title":false,"icon":"none","custom_icon":"shopify://shop_images/MATERIAL-01.png","page":""}},"accordion_mTNfka":{"type":"accordion","settings":{"title":"Design Techniques","content":"<p>-Back Design : 98,000 stitches<br/>-3D Puff Embroidery ⁠<br/>-Patch Embroidery⁠<br/>-Cross Stitch Embroidery</p>","uppercase_title":false,"icon":"none","custom_icon":"shopify://shop_images/EMBROIDERY-01.png","page":""}},"accordion_r8JbBK":{"type":"accordion","settings":{"title":"Donation","content":"<p>% of profits will be donated to G#Z#.</p>","uppercase_title":false,"icon":"picto-heart","page":""}},"accordion_ycAAQE":{"type":"accordion","settings":{"title":"Shipping / Policy","content":"<p>Express Shipping: Delivery takes 3-5 days for most regions.</p><p>Shipping Worldwide.</p><p>Ready to ship item<br/><br/>Important Notes:<br/><br/>Limited Drop Item - Non-Refundable. For any damages, contact us at hello@shawq.co<br/>IT'S CUSTOMER'S RESPONSIBILITY TO PAY IMPORT TAXES<br/>REGULATIONS FOR IMPORT DUTIES AND TAXES MAY VARY AND WE ARE UNABLE TO CONTROL NOR PREDICT THEIR AMOUNT<br/>IF YOU REFUSE A SHIPMENT FROM US, YOU ARE RESPONSIBLE FOR THE ORIGINAL SHIPPING CHARGES AND THE COURIER COST OF RETURN</p>","uppercase_title":false,"icon":"picto-truck","page":""}},"shawq_value_line":{"type":"shawq_value_line","settings":{"title":"Complete the look — naturally","content":"<p>Pair it with a keffiyeh for the full Shawq silhouette. Clean, intentional, and true to the story.</p>"}},"shawq_bundle":{"type":"shawq_bundle","settings":{"title":"Complete the look","subtitle":"Add a matching keffiyeh — completes the outfit and lifts the look.","bundle_product":""}},"shawq_reassurance":{"type":"shawq_reassurance","settings":{"item_1":"Fast shipping — typically 3–4 days","item_2":"Easy returns & exchanges","item_3":"Premium embroidery — built to last"}}},"block_order":["vendor","title","inventory_dYxxDb","badges","price","shawq_value_line","shawq_bundle","rating","payment_terms","separator","description","variant_picker","shawq_reassurance","buy_buttons","volume_pricing_AktEmK","accordion_WaQJRe","accordion_fwptnm","accordion_mTNfka","accordion_r8JbBK","accordion_ycAAQE"],"settings":{"color_scheme":"scheme-2","allow_transparent_header":false,"transparent_header_use_primary_colors":false,"add_top_spacing":true,"show_sticky_add_to_cart":true,"product_media_size":50,"content_alignment":"left","desktop_media_layout":"carousel","desktop_carousel_controls":"lines","mobile_controls":"lines","enable_media_autoplay":false,"enable_video_looping":true,"enable_image_zoom":true,"max_image_zoom_level":3}},"featured_product_list_YnwHEV":{"type":"featured-product-list","name":"t:sections.featured_product_list.name","settings":{"color_scheme":"scheme-2","product_list":["never-forgotten-never-forgiven-stone-washed-denim-jeans","kuffiyah-1","palestine-keychain"],"stack_products_mobile":false,"stack_products_desktop":false,"products_per_row_mobile":"1","products_per_row_desktop":4,"intro_color_scheme":"","intro_title":"Frequently bought together ->","intro_title_tag":"h5","intro_content":"<p>Complete your full Palestinian outfit</p>","intro_button_text":"","intro_button_link":"","intro_button_style":"outline"}}},"order":["main","featured_product_list_YnwHEV"]}